id;company_code;company_name;company_reg_number;email;rating;phone;address_line_1;address_line_2;city;country;image;image_content_type;is_active;api_key;expire_on;license_type_id
1;Isle;Fantastic;connecting Personal Loan Account;"nN@Ei(\8..}";92216;1-722-679-0691 x7954;optical Electronics;mobile Steel;Port Chetburgh;Haiti;../fake-data/blob/hipster.png;image/png;false;Steel Configuration Designer;2020-01-01;1
2;Quality;e-markets;invoice Road standardization;"/^L?(@)Tc`.r3";50475;(105) 159-4533 x3638;viral;platforms Grass-roots;Port Aniyachester;Turks and Caicos Islands;../fake-data/blob/hipster.png;image/png;false;Investment Account content plum;2020-01-01;2
3;Re-contextualized;AI;copying;"PQ<:@0+.!gW";20837;251.250.3083;Solomon Islands Dollar Gorgeous Plastic Sausages monitor;Savings Account redundant;Groverborough;Thailand;../fake-data/blob/hipster.png;image/png;true;Personal Loan Account Glen;2020-01-01;3
4;Borders AGP;viral;dynamic transmit Buckinghamshire;"':vP:@z<BKE.fG1";15555;193.442.0510 x25572;harness Health Handcrafted;Awesome Center programming;East Lila;Togo;../fake-data/blob/hipster.png;image/png;false;local area network GB Investment Account;2019-12-31;4
5;Refined Comoro Franc Small Soft Pizza;Keyboard utilize;Pa'anga Electronics Chips;"%:lCJ*@_:7g.GoWY";15836;983.159.3217 x105;Focused;Applications alarm;West Mortimerberg;Lithuania;../fake-data/blob/hipster.png;image/png;false;Operations;2020-01-01;5
6;Bedfordshire Guadeloupe portals;input success Computer;Music Checking Account;"e@Ql4t.lUP";71531;502-983-2001 x23248;Grocery;systems;Mayerfort;Mongolia;../fake-data/blob/hipster.png;image/png;false;Uganda Shilling;2019-12-31;6
7;driver;generating;Operations zero tolerance web services;"o]FTom@IK.M";9992;716-477-4237 x5449;Director Research Home Loan Account;convergence;South Saulmouth;Canada;../fake-data/blob/hipster.png;image/png;false;Object-based Idaho;2020-01-01;7
8;zero tolerance Future;Unbranded RAM Buckinghamshire;Planner Tuvalu;";[)]t!@8#^.$";91876;1-953-759-7582 x43318;zero administration;Accountability Oval;Port Nadiamouth;Honduras;../fake-data/blob/hipster.png;image/png;true;Avon COM Belarussian Ruble;2020-01-01;8
9;Optional;e-enable;Berkshire Applications;"Cxeh;@3A.+)}K";51019;549-896-1239 x927;deploy;blue;North Rexburgh;Russian Federation;../fake-data/blob/hipster.png;image/png;false;Tasty Rustic Wooden Gloves;2020-01-01;9
10;Open-architected Group;hard drive Steel Assistant;capability;"Z|\@V|ZV.!A-7l";30127;502-481-5202;Function-based bandwidth Facilitator;magenta;Lake Damarishaven;Norfolk Island;../fake-data/blob/hipster.png;image/png;true;Fork Micronesia Berkshire;2019-12-31;10
